{
  "best_metric": null,
  "best_model_checkpoint": null,
  "epoch": 0.847936687394008,
  "eval_steps": 500,
  "global_step": 500,
  "is_hyper_param_search": false,
  "is_local_process_zero": true,
  "is_world_process_zero": true,
  "log_history": [
    {
      "epoch": 0.016958733747880157,
      "grad_norm": 0.40367087721824646,
      "learning_rate": 2e-05,
      "loss": 2.1914,
      "step": 10
    },
    {
      "epoch": 0.033917467495760314,
      "grad_norm": 0.6450314521789551,
      "learning_rate": 2e-05,
      "loss": 2.1475,
      "step": 20
    },
    {
      "epoch": 0.05087620124364047,
      "grad_norm": 0.6674238443374634,
      "learning_rate": 2e-05,
      "loss": 1.9018,
      "step": 30
    },
    {
      "epoch": 0.06783493499152063,
      "grad_norm": 0.2880263328552246,
      "learning_rate": 2e-05,
      "loss": 1.5674,
      "step": 40
    },
    {
      "epoch": 0.0847936687394008,
      "grad_norm": 0.3126102387905121,
      "learning_rate": 2e-05,
      "loss": 1.7527,
      "step": 50
    },
    {
      "epoch": 0.10175240248728094,
      "grad_norm": 0.4203229248523712,
      "learning_rate": 2e-05,
      "loss": 1.5273,
      "step": 60
    },
    {
      "epoch": 0.11871113623516111,
      "grad_norm": 0.22189851105213165,
      "learning_rate": 2e-05,
      "loss": 1.5688,
      "step": 70
    },
    {
      "epoch": 0.13566986998304126,
      "grad_norm": 0.17309372127056122,
      "learning_rate": 2e-05,
      "loss": 1.4188,
      "step": 80
    },
    {
      "epoch": 0.15262860373092144,
      "grad_norm": 0.18268580734729767,
      "learning_rate": 2e-05,
      "loss": 1.4849,
      "step": 90
    },
    {
      "epoch": 0.1695873374788016,
      "grad_norm": 0.25859078764915466,
      "learning_rate": 2e-05,
      "loss": 1.5193,
      "step": 100
    },
    {
      "epoch": 0.18654607122668174,
      "grad_norm": 0.15590710937976837,
      "learning_rate": 2e-05,
      "loss": 1.5166,
      "step": 110
    },
    {
      "epoch": 0.2035048049745619,
      "grad_norm": 0.14247600734233856,
      "learning_rate": 2e-05,
      "loss": 1.4473,
      "step": 120
    },
    {
      "epoch": 0.22046353872244207,
      "grad_norm": 0.1920587718486786,
      "learning_rate": 2e-05,
      "loss": 1.4494,
      "step": 130
    },
    {
      "epoch": 0.23742227247032222,
      "grad_norm": 0.18389062583446503,
      "learning_rate": 2e-05,
      "loss": 1.3921,
      "step": 140
    },
    {
      "epoch": 0.25438100621820237,
      "grad_norm": 0.1689673662185669,
      "learning_rate": 2e-05,
      "loss": 1.4991,
      "step": 150
    },
    {
      "epoch": 0.2713397399660825,
      "grad_norm": 0.20367111265659332,
      "learning_rate": 2e-05,
      "loss": 1.5754,
      "step": 160
    },
    {
      "epoch": 0.28829847371396267,
      "grad_norm": 0.20885120332241058,
      "learning_rate": 2e-05,
      "loss": 1.5662,
      "step": 170
    },
    {
      "epoch": 0.30525720746184287,
      "grad_norm": 0.2509196102619171,
      "learning_rate": 2e-05,
      "loss": 1.4644,
      "step": 180
    },
    {
      "epoch": 0.322215941209723,
      "grad_norm": 0.26645627617836,
      "learning_rate": 2e-05,
      "loss": 1.5132,
      "step": 190
    },
    {
      "epoch": 0.3391746749576032,
      "grad_norm": 0.17591595649719238,
      "learning_rate": 2e-05,
      "loss": 1.5002,
      "step": 200
    },
    {
      "epoch": 0.3561334087054833,
      "grad_norm": 0.21814866364002228,
      "learning_rate": 2e-05,
      "loss": 1.3627,
      "step": 210
    },
    {
      "epoch": 0.3730921424533635,
      "grad_norm": 0.20478495955467224,
      "learning_rate": 2e-05,
      "loss": 1.583,
      "step": 220
    },
    {
      "epoch": 0.3900508762012436,
      "grad_norm": 0.17681662738323212,
      "learning_rate": 2e-05,
      "loss": 1.3475,
      "step": 230
    },
    {
      "epoch": 0.4070096099491238,
      "grad_norm": 0.24157047271728516,
      "learning_rate": 2e-05,
      "loss": 1.4819,
      "step": 240
    },
    {
      "epoch": 0.423968343697004,
      "grad_norm": 0.28125301003456116,
      "learning_rate": 2e-05,
      "loss": 1.2993,
      "step": 250
    },
    {
      "epoch": 0.44092707744488413,
      "grad_norm": 0.2767171859741211,
      "learning_rate": 2e-05,
      "loss": 1.4116,
      "step": 260
    },
    {
      "epoch": 0.4578858111927643,
      "grad_norm": 0.1974908858537674,
      "learning_rate": 2e-05,
      "loss": 1.3676,
      "step": 270
    },
    {
      "epoch": 0.47484454494064443,
      "grad_norm": 0.19443826377391815,
      "learning_rate": 2e-05,
      "loss": 1.4069,
      "step": 280
    },
    {
      "epoch": 0.4918032786885246,
      "grad_norm": 0.2244560271501541,
      "learning_rate": 2e-05,
      "loss": 1.4736,
      "step": 290
    },
    {
      "epoch": 0.5087620124364047,
      "grad_norm": 0.17217038571834564,
      "learning_rate": 2e-05,
      "loss": 1.4035,
      "step": 300
    },
    {
      "epoch": 0.5257207461842849,
      "grad_norm": 0.1759270578622818,
      "learning_rate": 2e-05,
      "loss": 1.4428,
      "step": 310
    },
    {
      "epoch": 0.542679479932165,
      "grad_norm": 0.18421843647956848,
      "learning_rate": 2e-05,
      "loss": 1.4066,
      "step": 320
    },
    {
      "epoch": 0.5596382136800452,
      "grad_norm": 0.24813705682754517,
      "learning_rate": 2e-05,
      "loss": 1.279,
      "step": 330
    },
    {
      "epoch": 0.5765969474279253,
      "grad_norm": 0.18505102396011353,
      "learning_rate": 2e-05,
      "loss": 1.4185,
      "step": 340
    },
    {
      "epoch": 0.5935556811758056,
      "grad_norm": 0.2202693670988083,
      "learning_rate": 2e-05,
      "loss": 1.4006,
      "step": 350
    },
    {
      "epoch": 0.6105144149236857,
      "grad_norm": 0.15569743514060974,
      "learning_rate": 2e-05,
      "loss": 1.4771,
      "step": 360
    },
    {
      "epoch": 0.6274731486715659,
      "grad_norm": 0.19959457218647003,
      "learning_rate": 2e-05,
      "loss": 1.2105,
      "step": 370
    },
    {
      "epoch": 0.644431882419446,
      "grad_norm": 0.1480758935213089,
      "learning_rate": 2e-05,
      "loss": 1.3952,
      "step": 380
    },
    {
      "epoch": 0.6613906161673262,
      "grad_norm": 0.17743095755577087,
      "learning_rate": 2e-05,
      "loss": 1.3951,
      "step": 390
    },
    {
      "epoch": 0.6783493499152063,
      "grad_norm": 0.32567381858825684,
      "learning_rate": 2e-05,
      "loss": 1.4192,
      "step": 400
    },
    {
      "epoch": 0.6953080836630865,
      "grad_norm": 0.24532295763492584,
      "learning_rate": 2e-05,
      "loss": 1.4584,
      "step": 410
    },
    {
      "epoch": 0.7122668174109666,
      "grad_norm": 0.22005526721477509,
      "learning_rate": 2e-05,
      "loss": 1.383,
      "step": 420
    },
    {
      "epoch": 0.7292255511588468,
      "grad_norm": 0.27245208621025085,
      "learning_rate": 2e-05,
      "loss": 1.3539,
      "step": 430
    },
    {
      "epoch": 0.746184284906727,
      "grad_norm": 0.23443090915679932,
      "learning_rate": 2e-05,
      "loss": 1.3908,
      "step": 440
    },
    {
      "epoch": 0.7631430186546071,
      "grad_norm": 0.3060639202594757,
      "learning_rate": 2e-05,
      "loss": 1.4708,
      "step": 450
    },
    {
      "epoch": 0.7801017524024872,
      "grad_norm": 0.3037393093109131,
      "learning_rate": 2e-05,
      "loss": 1.3367,
      "step": 460
    },
    {
      "epoch": 0.7970604861503674,
      "grad_norm": 0.19899345934391022,
      "learning_rate": 2e-05,
      "loss": 1.3791,
      "step": 470
    },
    {
      "epoch": 0.8140192198982475,
      "grad_norm": 0.2520364224910736,
      "learning_rate": 2e-05,
      "loss": 1.3166,
      "step": 480
    },
    {
      "epoch": 0.8309779536461278,
      "grad_norm": 0.3160310983657837,
      "learning_rate": 2e-05,
      "loss": 1.4895,
      "step": 490
    },
    {
      "epoch": 0.847936687394008,
      "grad_norm": 0.21035289764404297,
      "learning_rate": 2e-05,
      "loss": 1.3953,
      "step": 500
    }
  ],
  "logging_steps": 10,
  "max_steps": 500,
  "num_input_tokens_seen": 0,
  "num_train_epochs": 1,
  "save_steps": 10,
  "stateful_callbacks": {
    "TrainerControl": {
      "args": {
        "should_epoch_stop": false,
        "should_evaluate": false,
        "should_log": false,
        "should_save": true,
        "should_training_stop": true
      },
      "attributes": {}
    }
  },
  "total_flos": 6.9667896950784e+16,
  "train_batch_size": 2,
  "trial_name": null,
  "trial_params": null
}
