{
  "best_metric": null,
  "best_model_checkpoint": null,
  "epoch": 1.6968325791855203,
  "eval_steps": 500,
  "global_step": 500,
  "is_hyper_param_search": false,
  "is_local_process_zero": true,
  "is_world_process_zero": true,
  "log_history": [
    {
      "epoch": 0.033936651583710405,
      "grad_norm": 0.1465204507112503,
      "learning_rate": 2e-05,
      "loss": 1.5641,
      "step": 10
    },
    {
      "epoch": 0.06787330316742081,
      "grad_norm": 0.19932568073272705,
      "learning_rate": 2e-05,
      "loss": 1.4418,
      "step": 20
    },
    {
      "epoch": 0.10180995475113122,
      "grad_norm": 0.17463523149490356,
      "learning_rate": 2e-05,
      "loss": 1.3839,
      "step": 30
    },
    {
      "epoch": 0.13574660633484162,
      "grad_norm": 0.1928214132785797,
      "learning_rate": 2e-05,
      "loss": 1.2854,
      "step": 40
    },
    {
      "epoch": 0.16968325791855204,
      "grad_norm": 0.14490894973278046,
      "learning_rate": 2e-05,
      "loss": 1.3243,
      "step": 50
    },
    {
      "epoch": 0.20361990950226244,
      "grad_norm": 0.226481631398201,
      "learning_rate": 2e-05,
      "loss": 1.3593,
      "step": 60
    },
    {
      "epoch": 0.23755656108597284,
      "grad_norm": 0.106916144490242,
      "learning_rate": 2e-05,
      "loss": 1.2859,
      "step": 70
    },
    {
      "epoch": 0.27149321266968324,
      "grad_norm": 0.10824790596961975,
      "learning_rate": 2e-05,
      "loss": 1.0864,
      "step": 80
    },
    {
      "epoch": 0.3054298642533937,
      "grad_norm": 0.1632661372423172,
      "learning_rate": 2e-05,
      "loss": 1.1064,
      "step": 90
    },
    {
      "epoch": 0.3393665158371041,
      "grad_norm": 0.20309977233409882,
      "learning_rate": 2e-05,
      "loss": 1.1575,
      "step": 100
    },
    {
      "epoch": 0.3733031674208145,
      "grad_norm": 0.12507851421833038,
      "learning_rate": 2e-05,
      "loss": 1.2031,
      "step": 110
    },
    {
      "epoch": 0.4072398190045249,
      "grad_norm": 0.08349079638719559,
      "learning_rate": 2e-05,
      "loss": 1.2776,
      "step": 120
    },
    {
      "epoch": 0.4411764705882353,
      "grad_norm": 0.08416859805583954,
      "learning_rate": 2e-05,
      "loss": 1.1846,
      "step": 130
    },
    {
      "epoch": 0.4751131221719457,
      "grad_norm": 0.07822928577661514,
      "learning_rate": 2e-05,
      "loss": 1.1528,
      "step": 140
    },
    {
      "epoch": 0.5090497737556561,
      "grad_norm": 0.07723436504602432,
      "learning_rate": 2e-05,
      "loss": 1.1663,
      "step": 150
    },
    {
      "epoch": 0.5429864253393665,
      "grad_norm": 0.06412159651517868,
      "learning_rate": 2e-05,
      "loss": 1.0854,
      "step": 160
    },
    {
      "epoch": 0.5769230769230769,
      "grad_norm": 0.08688654005527496,
      "learning_rate": 2e-05,
      "loss": 1.1113,
      "step": 170
    },
    {
      "epoch": 0.6108597285067874,
      "grad_norm": 0.06601835787296295,
      "learning_rate": 2e-05,
      "loss": 1.1864,
      "step": 180
    },
    {
      "epoch": 0.6447963800904978,
      "grad_norm": 0.10855460166931152,
      "learning_rate": 2e-05,
      "loss": 1.1337,
      "step": 190
    },
    {
      "epoch": 0.6787330316742082,
      "grad_norm": 0.09089706838130951,
      "learning_rate": 2e-05,
      "loss": 1.1936,
      "step": 200
    },
    {
      "epoch": 0.7126696832579186,
      "grad_norm": 0.06707335263490677,
      "learning_rate": 2e-05,
      "loss": 1.1896,
      "step": 210
    },
    {
      "epoch": 0.746606334841629,
      "grad_norm": 0.0801667869091034,
      "learning_rate": 2e-05,
      "loss": 1.1375,
      "step": 220
    },
    {
      "epoch": 0.7805429864253394,
      "grad_norm": 0.0608924999833107,
      "learning_rate": 2e-05,
      "loss": 1.1418,
      "step": 230
    },
    {
      "epoch": 0.8144796380090498,
      "grad_norm": 0.08841671049594879,
      "learning_rate": 2e-05,
      "loss": 1.2222,
      "step": 240
    },
    {
      "epoch": 0.8484162895927602,
      "grad_norm": 0.1036345511674881,
      "learning_rate": 2e-05,
      "loss": 1.108,
      "step": 250
    },
    {
      "epoch": 0.8823529411764706,
      "grad_norm": 0.09151680767536163,
      "learning_rate": 2e-05,
      "loss": 1.1517,
      "step": 260
    },
    {
      "epoch": 0.916289592760181,
      "grad_norm": 0.0952245444059372,
      "learning_rate": 2e-05,
      "loss": 1.1541,
      "step": 270
    },
    {
      "epoch": 0.9502262443438914,
      "grad_norm": 0.06322295218706131,
      "learning_rate": 2e-05,
      "loss": 1.0866,
      "step": 280
    },
    {
      "epoch": 0.9841628959276018,
      "grad_norm": 0.11366601288318634,
      "learning_rate": 2e-05,
      "loss": 1.1936,
      "step": 290
    },
    {
      "epoch": 1.0180995475113122,
      "grad_norm": 0.07986363023519516,
      "learning_rate": 2e-05,
      "loss": 1.1183,
      "step": 300
    },
    {
      "epoch": 1.0520361990950227,
      "grad_norm": 0.06739399582147598,
      "learning_rate": 2e-05,
      "loss": 1.1135,
      "step": 310
    },
    {
      "epoch": 1.085972850678733,
      "grad_norm": 0.07126815617084503,
      "learning_rate": 2e-05,
      "loss": 1.2244,
      "step": 320
    },
    {
      "epoch": 1.1199095022624435,
      "grad_norm": 0.08129796385765076,
      "learning_rate": 2e-05,
      "loss": 1.1371,
      "step": 330
    },
    {
      "epoch": 1.1538461538461537,
      "grad_norm": 0.07424061000347137,
      "learning_rate": 2e-05,
      "loss": 1.0763,
      "step": 340
    },
    {
      "epoch": 1.1877828054298643,
      "grad_norm": 0.06607749313116074,
      "learning_rate": 2e-05,
      "loss": 1.0802,
      "step": 350
    },
    {
      "epoch": 1.2217194570135748,
      "grad_norm": 0.09103110432624817,
      "learning_rate": 2e-05,
      "loss": 1.233,
      "step": 360
    },
    {
      "epoch": 1.255656108597285,
      "grad_norm": 0.08134961873292923,
      "learning_rate": 2e-05,
      "loss": 1.1235,
      "step": 370
    },
    {
      "epoch": 1.2895927601809956,
      "grad_norm": 0.08444838970899582,
      "learning_rate": 2e-05,
      "loss": 1.1186,
      "step": 380
    },
    {
      "epoch": 1.3235294117647058,
      "grad_norm": 0.06189229339361191,
      "learning_rate": 2e-05,
      "loss": 1.0936,
      "step": 390
    },
    {
      "epoch": 1.3574660633484164,
      "grad_norm": 0.06929737329483032,
      "learning_rate": 2e-05,
      "loss": 1.057,
      "step": 400
    },
    {
      "epoch": 1.3914027149321266,
      "grad_norm": 0.07907900959253311,
      "learning_rate": 2e-05,
      "loss": 1.2273,
      "step": 410
    },
    {
      "epoch": 1.4253393665158371,
      "grad_norm": 0.07309924066066742,
      "learning_rate": 2e-05,
      "loss": 1.1202,
      "step": 420
    },
    {
      "epoch": 1.4592760180995474,
      "grad_norm": 0.07815899699926376,
      "learning_rate": 2e-05,
      "loss": 1.1419,
      "step": 430
    },
    {
      "epoch": 1.493212669683258,
      "grad_norm": 0.07556773722171783,
      "learning_rate": 2e-05,
      "loss": 1.1418,
      "step": 440
    },
    {
      "epoch": 1.5271493212669682,
      "grad_norm": 0.08688472211360931,
      "learning_rate": 2e-05,
      "loss": 1.0897,
      "step": 450
    },
    {
      "epoch": 1.5610859728506787,
      "grad_norm": 0.07856990396976471,
      "learning_rate": 2e-05,
      "loss": 1.1151,
      "step": 460
    },
    {
      "epoch": 1.5950226244343892,
      "grad_norm": 0.0799528956413269,
      "learning_rate": 2e-05,
      "loss": 1.201,
      "step": 470
    },
    {
      "epoch": 1.6289592760180995,
      "grad_norm": 0.1254434436559677,
      "learning_rate": 2e-05,
      "loss": 1.0809,
      "step": 480
    },
    {
      "epoch": 1.6628959276018098,
      "grad_norm": 0.060292135924100876,
      "learning_rate": 2e-05,
      "loss": 1.1259,
      "step": 490
    },
    {
      "epoch": 1.6968325791855203,
      "grad_norm": 0.07883962243795395,
      "learning_rate": 2e-05,
      "loss": 1.2742,
      "step": 500
    }
  ],
  "logging_steps": 10,
  "max_steps": 500,
  "num_input_tokens_seen": 0,
  "num_train_epochs": 2,
  "save_steps": 10,
  "stateful_callbacks": {
    "TrainerControl": {
      "args": {
        "should_epoch_stop": false,
        "should_evaluate": false,
        "should_log": false,
        "should_save": true,
        "should_training_stop": true
      },
      "attributes": {}
    }
  },
  "total_flos": 7.045825596751872e+16,
  "train_batch_size": 4,
  "trial_name": null,
  "trial_params": null
}
