{
  "add_bos_token": true,
  "add_eos_token": false,
  "added_tokens_decoder": {
    "0": {
      "content": "<unk>",
      "lstrip": false,
      "normalized": true,
      "rstrip": false,
      "single_word": false,
      "special": true
    },
    "1": {
      "content": "<s>",
      "lstrip": false,
      "normalized": true,
      "rstrip": false,
      "single_word": false,
      "special": true
    },
    "2": {
      "content": "</s>",
      "lstrip": false,
      "normalized": true,
      "rstrip": false,
      "single_word": false,
      "special": true
    },
    "32000": {
      "content": "<pad>",
      "lstrip": true,
      "normalized": true,
      "rstrip": true,
      "single_word": false,
      "special": false
    }
  },
  "additional_special_tokens": [],
  "bos_token": "<s>",
  "chat_template": "{% for message in messages %}{% if message['role'] == 'user' %}{{ '[INST] ' + message['content'].strip() + ' [/INST]' }}{% elif message['role'] == 'system' %}{{ ' ' + message['content'].strip() + ' ' }} {% endif %}{% endfor %}",
  "clean_up_tokenization_spaces": false,
  "eos_token": "</s>",
  "legacy": false,
  "model_max_length": 32768,
  "pad_token": "</s>",
  "sp_model_kwargs": {},
  "spaces_between_special_tokens": false,
  "tokenizer_class": "LlamaTokenizer",
  "unk_token": "<unk>",
  "use_default_system_prompt": true
}
