{
  "best_metric": null,
  "best_model_checkpoint": null,
  "epoch": 1.694915254237288,
  "eval_steps": 500,
  "global_step": 500,
  "is_hyper_param_search": false,
  "is_local_process_zero": true,
  "is_world_process_zero": true,
  "log_history": [
    {
      "epoch": 0.03389830508474576,
      "grad_norm": 0.08022785931825638,
      "learning_rate": 2e-05,
      "loss": 1.4458,
      "step": 10
    },
    {
      "epoch": 0.06779661016949153,
      "grad_norm": 0.10131614655256271,
      "learning_rate": 2e-05,
      "loss": 1.3397,
      "step": 20
    },
    {
      "epoch": 0.1016949152542373,
      "grad_norm": 0.11444895714521408,
      "learning_rate": 2e-05,
      "loss": 1.407,
      "step": 30
    },
    {
      "epoch": 0.13559322033898305,
      "grad_norm": 0.08520985394716263,
      "learning_rate": 2e-05,
      "loss": 1.3437,
      "step": 40
    },
    {
      "epoch": 0.1694915254237288,
      "grad_norm": 0.06753456592559814,
      "learning_rate": 2e-05,
      "loss": 1.3491,
      "step": 50
    },
    {
      "epoch": 0.2033898305084746,
      "grad_norm": 0.10623054206371307,
      "learning_rate": 2e-05,
      "loss": 1.3454,
      "step": 60
    },
    {
      "epoch": 0.23728813559322035,
      "grad_norm": 0.07330206036567688,
      "learning_rate": 2e-05,
      "loss": 1.2905,
      "step": 70
    },
    {
      "epoch": 0.2711864406779661,
      "grad_norm": 0.09396185725927353,
      "learning_rate": 2e-05,
      "loss": 1.3698,
      "step": 80
    },
    {
      "epoch": 0.3050847457627119,
      "grad_norm": 0.08363866060972214,
      "learning_rate": 2e-05,
      "loss": 1.3155,
      "step": 90
    },
    {
      "epoch": 0.3389830508474576,
      "grad_norm": 0.08303413540124893,
      "learning_rate": 2e-05,
      "loss": 1.3025,
      "step": 100
    },
    {
      "epoch": 0.3728813559322034,
      "grad_norm": 0.09854419529438019,
      "learning_rate": 2e-05,
      "loss": 1.2803,
      "step": 110
    },
    {
      "epoch": 0.4067796610169492,
      "grad_norm": 0.13188211619853973,
      "learning_rate": 2e-05,
      "loss": 1.3041,
      "step": 120
    },
    {
      "epoch": 0.4406779661016949,
      "grad_norm": 0.08531095087528229,
      "learning_rate": 2e-05,
      "loss": 1.2114,
      "step": 130
    },
    {
      "epoch": 0.4745762711864407,
      "grad_norm": 0.09665122628211975,
      "learning_rate": 2e-05,
      "loss": 1.2656,
      "step": 140
    },
    {
      "epoch": 0.5084745762711864,
      "grad_norm": 0.1288936734199524,
      "learning_rate": 2e-05,
      "loss": 1.2467,
      "step": 150
    },
    {
      "epoch": 0.5423728813559322,
      "grad_norm": 0.13373233377933502,
      "learning_rate": 2e-05,
      "loss": 1.2431,
      "step": 160
    },
    {
      "epoch": 0.576271186440678,
      "grad_norm": 0.08672410994768143,
      "learning_rate": 2e-05,
      "loss": 1.2658,
      "step": 170
    },
    {
      "epoch": 0.6101694915254238,
      "grad_norm": 0.0747511088848114,
      "learning_rate": 2e-05,
      "loss": 1.2256,
      "step": 180
    },
    {
      "epoch": 0.6440677966101694,
      "grad_norm": 0.17619597911834717,
      "learning_rate": 2e-05,
      "loss": 1.3012,
      "step": 190
    },
    {
      "epoch": 0.6779661016949152,
      "grad_norm": 0.14120347797870636,
      "learning_rate": 2e-05,
      "loss": 1.2416,
      "step": 200
    },
    {
      "epoch": 0.711864406779661,
      "grad_norm": 0.13241320848464966,
      "learning_rate": 2e-05,
      "loss": 1.1978,
      "step": 210
    },
    {
      "epoch": 0.7457627118644068,
      "grad_norm": 0.09985610097646713,
      "learning_rate": 2e-05,
      "loss": 1.2162,
      "step": 220
    },
    {
      "epoch": 0.7796610169491526,
      "grad_norm": 0.10993162542581558,
      "learning_rate": 2e-05,
      "loss": 1.2537,
      "step": 230
    },
    {
      "epoch": 0.8135593220338984,
      "grad_norm": 0.11438897252082825,
      "learning_rate": 2e-05,
      "loss": 1.2074,
      "step": 240
    },
    {
      "epoch": 0.847457627118644,
      "grad_norm": 0.15889982879161835,
      "learning_rate": 2e-05,
      "loss": 1.1987,
      "step": 250
    },
    {
      "epoch": 0.8813559322033898,
      "grad_norm": 0.12506911158561707,
      "learning_rate": 2e-05,
      "loss": 1.261,
      "step": 260
    },
    {
      "epoch": 0.9152542372881356,
      "grad_norm": 0.08716640621423721,
      "learning_rate": 2e-05,
      "loss": 1.2219,
      "step": 270
    },
    {
      "epoch": 0.9491525423728814,
      "grad_norm": 0.11022273451089859,
      "learning_rate": 2e-05,
      "loss": 1.2147,
      "step": 280
    },
    {
      "epoch": 0.9830508474576272,
      "grad_norm": 0.0879925861954689,
      "learning_rate": 2e-05,
      "loss": 1.2384,
      "step": 290
    },
    {
      "epoch": 1.0169491525423728,
      "grad_norm": 0.10788367688655853,
      "learning_rate": 2e-05,
      "loss": 1.2814,
      "step": 300
    },
    {
      "epoch": 1.0508474576271187,
      "grad_norm": 0.10028179734945297,
      "learning_rate": 2e-05,
      "loss": 1.3064,
      "step": 310
    },
    {
      "epoch": 1.0847457627118644,
      "grad_norm": 0.13769374787807465,
      "learning_rate": 2e-05,
      "loss": 1.2182,
      "step": 320
    },
    {
      "epoch": 1.11864406779661,
      "grad_norm": 0.09470976144075394,
      "learning_rate": 2e-05,
      "loss": 1.1984,
      "step": 330
    },
    {
      "epoch": 1.152542372881356,
      "grad_norm": 0.11608204245567322,
      "learning_rate": 2e-05,
      "loss": 1.1538,
      "step": 340
    },
    {
      "epoch": 1.1864406779661016,
      "grad_norm": 0.11505886167287827,
      "learning_rate": 2e-05,
      "loss": 1.2715,
      "step": 350
    },
    {
      "epoch": 1.2203389830508475,
      "grad_norm": 0.11198604106903076,
      "learning_rate": 2e-05,
      "loss": 1.2029,
      "step": 360
    },
    {
      "epoch": 1.2542372881355932,
      "grad_norm": 0.12090137600898743,
      "learning_rate": 2e-05,
      "loss": 1.1704,
      "step": 370
    },
    {
      "epoch": 1.288135593220339,
      "grad_norm": 0.13044202327728271,
      "learning_rate": 2e-05,
      "loss": 1.2556,
      "step": 380
    },
    {
      "epoch": 1.3220338983050848,
      "grad_norm": 0.11744540929794312,
      "learning_rate": 2e-05,
      "loss": 1.2454,
      "step": 390
    },
    {
      "epoch": 1.3559322033898304,
      "grad_norm": 0.17201991379261017,
      "learning_rate": 2e-05,
      "loss": 1.2097,
      "step": 400
    },
    {
      "epoch": 1.3898305084745763,
      "grad_norm": 0.22108130156993866,
      "learning_rate": 2e-05,
      "loss": 1.3104,
      "step": 410
    },
    {
      "epoch": 1.423728813559322,
      "grad_norm": 0.13884320855140686,
      "learning_rate": 2e-05,
      "loss": 1.1452,
      "step": 420
    },
    {
      "epoch": 1.457627118644068,
      "grad_norm": 0.180682972073555,
      "learning_rate": 2e-05,
      "loss": 1.2088,
      "step": 430
    },
    {
      "epoch": 1.4915254237288136,
      "grad_norm": 0.12297510355710983,
      "learning_rate": 2e-05,
      "loss": 1.1705,
      "step": 440
    },
    {
      "epoch": 1.5254237288135593,
      "grad_norm": 0.13597477972507477,
      "learning_rate": 2e-05,
      "loss": 1.2094,
      "step": 450
    },
    {
      "epoch": 1.559322033898305,
      "grad_norm": 0.11411944031715393,
      "learning_rate": 2e-05,
      "loss": 1.2692,
      "step": 460
    },
    {
      "epoch": 1.5932203389830508,
      "grad_norm": 0.1318785697221756,
      "learning_rate": 2e-05,
      "loss": 1.1376,
      "step": 470
    },
    {
      "epoch": 1.6271186440677967,
      "grad_norm": 0.10083784908056259,
      "learning_rate": 2e-05,
      "loss": 1.2219,
      "step": 480
    },
    {
      "epoch": 1.6610169491525424,
      "grad_norm": 0.1330372542142868,
      "learning_rate": 2e-05,
      "loss": 1.2053,
      "step": 490
    },
    {
      "epoch": 1.694915254237288,
      "grad_norm": 0.1247425377368927,
      "learning_rate": 2e-05,
      "loss": 1.2004,
      "step": 500
    }
  ],
  "logging_steps": 10,
  "max_steps": 500,
  "num_input_tokens_seen": 0,
  "num_train_epochs": 2,
  "save_steps": 10,
  "stateful_callbacks": {
    "TrainerControl": {
      "args": {
        "should_epoch_stop": false,
        "should_evaluate": false,
        "should_log": false,
        "should_save": true,
        "should_training_stop": true
      },
      "attributes": {}
    }
  },
  "total_flos": 1.2234383030432563e+17,
  "train_batch_size": 4,
  "trial_name": null,
  "trial_params": null
}
